feature,coefficient
trip_duration_days,11.282605648742441
miles_traveled,0.5532652986584919
total_receipts_amount,1.4549554491320587
m/d,-0.1401926055128268
r/d,0.13848780244124023
r^2,-0.00038661595566191753
m^2,-9.721609133567233e-05
d*m,0.0016065907521636644
log(d*r),220.4648136137227
cents_bug_flag,-456.3037468071681
log(r),-339.48745881129236
intercept,414.1590572002822
